Soil Type,ID,Horizont,Top,Bottom,pH (H2O),pH (KCl),Y1,T-S,S,T,V,Humus,N,C/N,P2O5,K2O,As,Co
Districni Regosol,46,A,0,6,4.8,3.7,43,27.95,27.24,55.19,49.36,6.06,0.26,13.51,9.86,15.68,125,27.95
Districni Regosol,137,OL,0,8,,,,,,,,18.56,0.56,10.76,,,27,8.9
Districni Regosol,137,A,8,15,4.8,3.8,31.35,20.38,20.04,40.42,49.58,8.99,0.28,5.21,0.66,13.18,48.9,21.55
Districni Regosol,140,OL,0,4,,,,,,,,4.52,0.18,2.62,,,55,11.95
Districni Regosol,140,A,4,13,4.2,3.5,34.7,22.56,10.04,32.6,30.8,2.88,0.15,1.67,19.04,17.06,8.3,13.2
Districni Regosol,150,OL,0,4,,,,,,,,15.31,0.62,8.87,,,52.1,
Districni Regosol,150,A,4,15,5.15,4.3,37.28,24.23,24.84,49.07,50.62,8,0.44,4.64,17.13,62.15,45.3,6.7
Districni Regosol,152,O,0,3,,,,,,,,17.04,0.62,9.88,,,87,5.8
Districni Regosol,152,A,3,10,3.9,3.2,40,26,6.44,32.44,19.85,3.48,0.09,2.01,2.31,13.94,9,6.85
Districni Regosol,153,OL,0,15,,,,,,,,19.93,0.75,11.55,,,105,15.6
Districni Regosol,153,A,15,25,4.2,3.5,60.42,39.27,11.64,50.91,22.86,10.77,0.37,6.24,2.34,32.68,65.2,15.2
Districni Regosol,154,OL,0,10,,,,,,,,15.91,0.46,9.22,,,53,4.4
Districni Regosol,154,A,10,24,3.85,2.9,68.75,44.69,4.04,48.73,8.29,4.15,0.11,2.4,0.47,9.14,35.1,3.1
Districni Regosol,205,A,0,13,3.7,3.15,67.5,43.88,8.04,51.92,15.49,9.6,0.34,5.56,29.71,17.05,37,20.35
Districni Regosol,206,A,0,13,4.7,3.85,33.9,22.04,16.04,38.08,42.13,10.1,0.38,5.85,1.63,24.11,17.4,26.6
Districni Regosol,207,A,4,10,4.4,3.45,46.25,30.06,12.84,42.9,29.93,9.4,0.33,5.45,2.62,25.43,10.5,26.6
Districni Regosol,256,A,0,16,4.53,3.6,33.9,22.04,7.24,29.28,24.73,4.19,0.16,15.18,1.02,24.04,46.9,19.7
Districni Regosol,264,A,0,10,4.11,3.5,29.7,19.31,6.04,25.35,23.83,6.24,0.34,3.61,0.33,11.73,,
Eutricni Regosol,134,OL,0,3,,,,,,,,10.15,0.36,16.35,,,65,17.35
Eutricni Regosol,134,A,3,18,4.85,3.9,28.6,18.59,24.44,43.03,56.8,4.61,0.21,12.73,2.66,24.11,78.3,17.4
Eutricni Regosol,262,A,0,15,5.3,4.5,27.24,17.71,25.24,42.95,58.77,13.36,0.38,7.75,0,70.33,23.7,6.65
Kolovijum,159,Amo,0,40,5.75,4.85,10.75,6.99,28.84,35.83,80.5,4.58,0.19,13.98,22.61,138.17,11.9,17.6
Kolovijum,159,C1,40,60,5.9,4.8,9.25,6.01,28.04,34.05,82.34,1.64,,,14.97,85.3,9.6,18.5
Kolovijum,159,C2,60,100,4.45,3.45,31.75,20.64,10.04,30.68,32.73,2.68,,,0.58,14.71,228,16.75
Kolovijum,231,Amo,0,30,4.82,4,22.25,14.46,11.24,25.7,43.73,3.13,0.12,15.12,0,17.05,34.2,27.3
Kolovijum,231,C,30,55,5.15,4.2,13.8,8.97,12.04,21.01,57.31,1.5,,,0,5.96,23.8,24.65
Kolovijum,232,Amo,0,25,5.45,4.65,16,10.4,24.04,34.44,69.8,4.6,0.23,11.6,0,11.04,28.1,21.65
Kolovijum,232,C1,25,50,5.5,4.6,13.7,8.91,24.04,32.95,72.97,3.14,,,0,8.94,21.4,21.9
Kolovijum,232,C2,50,75,5.6,4.6,10.3,6.7,22.04,28.74,76.7,1.96,,,0,6.61,29.2,21
Kolovijum,253,A,0,5,4.6,3.6,38.6,25.09,14.44,39.53,36.53,4.81,0.18,15.49,2.96,29.88,31.8,27
Kolovijum,253,C1,5,15,4.65,3.55,37.15,24.15,14.2,34.18,41.54,3.12,,,1.5,33.14,22.6,24.55
Kolovijum,253,C2,15,20,4.65,3.6,35.25,22.91,15.17,36.12,42,1.21,,,0,17.05,28.5,21.2
Kolovijum,253,C3,20,50,4.8,3.7,30.5,19.82,13.16,29.15,45.15,0.79,,,0,15.14,22.18,27.3
Kolovijum,253,C4,50,60,4.85,3.65,24.75,16.09,15.21,31.5,48.28,0.11,,,0,7.2,24.5,26.45
Eutricni ranker,6,Amo,0,9,5.9,4.5,15.75,10.24,25.28,35.52,71.18,4.84,0.16,17.55,0.97,63.57,32,16.2
Eutricni ranker,6,AmoC,9,22,5.9,4.3,15.2,9.88,26.48,36.36,72.83,3.13,,,0.75,150.37,25.3,15.4
Eutricni ranker,24,Amo,0,30,5.8,3.75,3.2,2.08,16.48,18.56,88.79,3.95,0.22,10.41,0.08,17.08,37.8,20.7
Eutricni ranker,24,AmoC,30,45,5.95,4.4,10,6.5,24.08,30.58,78.74,0.94,,,0.07,6.27,4.9,27.1
Eutricni ranker,26,Amo,0,26,5.5,4,0,0,23.68,23.68,100,4.83,0.15,18.68,0.35,39.56,56.5,26.4
Eutricni ranker,28,Amo,0,33,5.9,4.65,24.05,15.63,25.28,40.91,61.79,2.83,0.13,12.63,0.99,33.57,74.3,18.8
Eutricni ranker,28,AmoC,33,60,5.5,4.55,23.1,15.02,32.48,47.5,68.39,0.8,,,0.81,34.05,31.6,13.3
Eutricni ranker,32,Amo,0,22,4.8,4,18.6,12.09,15.28,27.37,55.83,4.26,0.18,13.73,0.02,9.79,66.6,11.2
Eutricni ranker,32,AmoC,22,48,5.3,4.3,9.9,6.44,14.88,21.32,69.81,1.5,,,0.01,6.96,21.8,12.6
Eutricni ranker,43,Amo,0,10,6.45,5.75,8.15,5.3,35.64,40.94,87.06,7.45,0.2,21.61,1.1,13.92,133,12.8
Eutricni ranker,43,AmoC,10,30,5.58,5.05,11,7.15,18.44,25.59,72.06,4.7,,,0,4.59,39.4,13.3
Eutricni ranker,47,Amo,0,25,5.1,3.95,21,13.65,19.24,32.89,58.5,3.73,0.14,15.45,0.67,9.12,37.4,16
Eutricni ranker,47,AmoC,25,50,5.6,4.15,11.9,7.74,20.04,27.78,72.15,0.88,,,0.18,7.99,5.3,16.7
Eutricni ranker,49,Amo,0,25,6.05,4.9,9.5,6.18,32.44,38.62,84.01,3.15,0.1,18.27,2.69,14.47,68.2,19.2
Eutricni ranker,49,AmoC,25,45,5.2,4,17.35,11.28,28.44,39.72,71.61,2.27,,,2.4,10.63,35.2,17.1
Eutricni ranker,53,Amo,7,40,6.6,5.1,7.6,4.94,21.64,26.58,81.41,3.06,0.12,9.23,0,6.87,6.6,18.8
Eutricni ranker,53,AmoC,40,55,6.6,5.2,7.75,5.04,38.04,43.08,88.31,2.66,,,0.18,7.99,6.9,19.5
Eutricni ranker,54,Al,0,15,4.9,3.9,16.7,10.86,15.64,26.5,59.03,4.53,0.22,11.94,1.99,20.49,51.9,13.1
Eutricni ranker,54,Amo,15,40,5.5,4.2,15.85,10.3,18.04,28.34,63.65,2.48,,,0.97,8.74,8.8,12
Eutricni ranker,54,AmoC,40,66,5.75,4.2,10.4,6.76,18.04,24.8,72.74,1.04,,,0.27,7.62,4.7,12.4
Eutricni ranker,62,Amo,0,22,4.95,3.9,15.65,10.17,14.04,24.21,57.99,4.02,0.15,15.54,1.38,7.62,31.1,11.6
Eutricni ranker,62,AmoC,22,50,5.85,4.8,10.85,7.05,18.84,25.89,72.76,4.87,,,1.83,7.99,6.4,10.7
Eutricni ranker,103,Amo,4,37,4.7,3.8,41.4,26.91,35.24,62.15,56.7,6.45,0.22,17,0.76,31.89,18.3,12.4
Eutricni ranker,103,AmoC,37,65,6.8,5.3,5.5,3.58,14.84,18.42,80.59,0.69,,,0,16.3,8.8,18.1
Eutricni ranker,103,C,65,100,5,3.95,30.3,19.7,12.44,32.14,38.71,2.04,,,0.02,17.97,4.7,13.8
Eutricni ranker,105,Amo,0,34,4.85,4,23.1,15.02,14.84,29.86,49.71,5.73,0.23,14.45,0.16,8.99,23.6,12.6
Eutricni ranker,105,Amo,34,57,5.8,4.65,11.5,7.48,14.44,21.92,65.89,1.19,,,0,5.07,6.3,12.7
Eutricni ranker,105,AmoC1,57,73,5.9,4.7,9.65,6.27,18.44,24.71,74.62,0.7,,,0,7.02,6.1,13.2
Eutricni ranker,105,AmoC,73,80,5.9,4.55,9.35,6.08,7.24,13.32,54.36,0.27,,,0,10.99,8,14.4
Eutricni ranker,108,Amo,0,30,7.4,6.7,2.6,1.69,19.24,20.93,91.91,5.07,0.16,18.38,1.48,10.58,8.3,24.5
Eutricni ranker,108,AmoC,30,45,6.1,5.2,9.22,5.99,8.84,14.83,59.6,2.6,,,0.09,7.41,8.7,9.85
Eutricni ranker,145,OL,0,7,,,,,,,,20.77,0.71,16.97,,,149,9.65
Eutricni ranker,145,Amo,7,28,6.05,5.5,14.89,9.68,34.84,44.52,78.26,19.44,0.69,16.34,10.66,22.83,175,8.55
Eutricni ranker,204,Amo,9,26,5,4,17.65,11.47,19.24,30.71,62.65,2.35,0.12,11.36,0.4,13.59,32.5,19.2
Eutricni ranker,208,Amo,0,25,4.92,3.85,24.4,15.86,22.44,38.3,58.59,3.66,0.17,12.49,0.1,46.43,10.7,14.5
Eutricni ranker,208,AmoC,25,45,5.12,4,17.8,11.57,24.04,35.61,67.51,1.99,,,0,11.39,27.9,24.6
Eutricni ranker,209,Amo,0,19,4.91,4,21.35,13.88,14.44,28.32,50.99,3.67,0.22,9.67,0,8.6,13.5,29.35
Eutricni ranker,213,Amo,4,40,5.5,4.6,10.1,6.57,15.24,21.81,69.89,2.4,0.15,8.35,1.1,3.47,9.4,10.3
Eutricni ranker,213,AmoC,40,60,5.7,4.6,8.4,5.46,16.44,21.9,75.07,1.37,,,1.56,3.77,7.4,12
Eutricni ranker,213,CG,60,78,5.72,4.55,7.6,4.94,18.04,22.98,78.5,0.84,,,2.58,8.26,12.5,16.7
Eutricni ranker,214,Amo,0,40,5.1,4.1,19.4,12.61,20.04,32.65,61.38,2.72,0.14,11.27,1.96,10.33,6.8,14.6
Eutricni ranker,214,AmoC,40,52,5.4,4.2,13.3,8.65,23.24,31.89,72.89,1.53,,,3.13,6.28,3.8,15.8
Eutricni ranker,215,Amo,0,18,5,4.1,18.7,12.16,12.84,25,51.37,3.1,0.22,8173,1.59,10.68,6.2,16.6
Eutricni ranker,215,AmoC,18,33,5.3,4.3,13.65,8.87,15.24,24.11,63.2,2.18,,,1.32,11.76,3.4,16.8
Eutricni ranker,218,Amo,0,30,5.3,4.4,18,11.7,16.44,28.14,58.42,4.04,0.18,13.01,0,5.64,40.2,21.1
Eutricni ranker,218,AmoC,30,48,5.4,4.4,12.8,8.32,17.24,25.56,67.45,1.71,,,0,5.01,30.9,24.3
Eutricni ranker,220,Amo,0,33,5.09,4.1,19.05,12.38,16.44,28.82,56.58,5.71,0.18,18.4,1.13,10.8,13,16.5
Eutricni ranker,220,AmoC,33,50,5.25,4.3,13.5,8.76,19.24,28,68.04,3.4,,,1.1,8.6,5.2,16.1
Eutricni ranker,221,OL,0,4,,,,,,,,3.21,0.1,18.62,,,9,9.95
Eutricni ranker,221,Amo,4,45,4.7,3.9,21.3,13.85,11.24,25.09,44.81,2.4,0.12,13.92,2.81,8.26,5.5,11.5
Eutricni ranker,221,AmoC,45,69,5.6,4.6,9,5.85,13.24,19.09,69.36,1.16,,,1.31,5.96,2.4,10.9
Eutricni ranker,221,CR,69,85,5.68,4.55,6.75,4.39,15.24,19.63,77.65,0.63,,,3.12,8.6,2.7,14.3
Eutricni ranker,222,OL,0,4,,,,,,,,11.06,0.31,20.69,,,28,11.6
Eutricni ranker,222,Amo,4,10,4.7,3.9,35,22.75,19.64,42.39,46.33,7.65,0.29,15.3,1.42,23.67,22.7,12.2
Eutricni ranker,222,Amo2,10,50,4.72,3.8,26.1,16.97,12.44,29.41,42.31,2.82,,,0.07,15.1,6.2,13.8
Eutricni ranker,222,AmoC,50,91,5.38,4.1,11.1,7.22,20.84,28.06,74.28,1.02,,,0.24,11.4,8.7,14.3
Eutricni ranker,223,OL,0,9,,,,,,,,4.89,0.22,12.89,,,14,15.9
Eutricni ranker,223,Amo,9,30,4.65,3.7,28.64,18.62,15.24,33.86,45.01,4.45,0.21,12.29,1.33,11.04,11.3,21.8
Eutricni ranker,223,AmoC,30,57,5.1,4,19.15,12.45,20.04,32.49,61.69,2.23,,,0.65,5.01,5.8,18.7
Eutricni ranker,223,CR,57,100,5.6,4.55,10.4,6.76,24.04,30.8,78.05,1.73,,,1.06,6.28,5.6,18
Eutricni ranker,228,Amo,0,19,4.95,4.1,26.3,17.1,21.24,38.34,55.4,5.01,0.27,10.76,0.3,83.28,31.4,14.2
Eutricni ranker,235,Amo,0,18,5.03,4.1,20,13,15.24,28.24,53.97,4.8,0.23,12.1,0.79,34.76,12.9,20.3
Eutricni ranker,235,AmoC,18,30,5.01,4,18,11.7,14.44,26.14,55.24,3.08,,,0.28,21.12,9.6,18
Eutricni ranker,238,Amo,0,20,5.5,4.35,16.8,10.92,33.24,44.16,75.27,5.15,0.24,12.45,1.01,64.25,7.5,22.3
Eutricni ranker,239,Amo,0,21,5.52,4.8,10.9,7.09,18.04,25.13,71.8,3.55,0.19,10.84,4.11,51.08,9,26.6
Eutricni ranker,239,AmoC,21,41,5.77,4.55,8.1,5.27,18.04,23.31,77.41,1.32,,,0.69,14.86,4.8,25.4
Eutricni ranker,250,Amo,0,23,4.88,3.93,24.05,15.63,20.84,36.47,57.14,3.91,0.14,16.2,9.08,38.14,18.8,14.1
Eutricni ranker,250,AmoC,23,81,5.5,4.3,13,8.45,20.44,28.89,70.75,1.91,,,7.69,33.62,4,11.2
Eutricni ranker,258,Amo,0,17,4.65,3.82,24.5,15.93,13.64,29.57,46.14,4.63,0.19,14.13,0.63,23.6,18.3,20.6
Eutricni ranker,258,AmoC,17,35,5.1,4.1,13.95,9.07,14.44,23.51,61.43,1.65,,,0,7.99,12.1,18.3
Eutricni ranker,259,Amo,0,23,4.82,3.8,14.5,9.43,14.84,24.27,61.16,4.71,0.25,10.93,0.6,9.84,24.4,19.5
Eutricni ranker,259,AmoC,23,40,5.32,4.2,14.6,9.49,20.04,29.53,67.86,2.44,,,0.66,9.1,20.3,20
Eutricni ranker,263,Amo,0,23,5.08,4.4,15.5,10.08,13.24,23.32,56.79,3.77,0.25,8.746,13,21.96,6.8,12.1
Eutricni ranker,263,AmoC,23,40,5.11,4.2,11.45,7.44,10.84,18.28,59.29,1.28,,,3.08,9.63,3.9,13.6
Eutricni ranker,263,C,40,60,5.18,4.2,9.9,6.44,9.64,16.08,59.97,1.14,,,1.01,8.26,3.9,13.1
Districni ranker,14,Aoh,0,30,4.4,3.45,29.35,19.08,2.48,21.56,11.5,2.41,0.07,19.96,0.06,8.02,322,11.05
Districni ranker,14,AohC,30,100,4.7,3.6,27.2,17.68,2.4,22.15,10.83,1.41,,,0.01,12.3,68.1,13.8
Districni ranker,21,Aoh,0,40,4.9,3.9,26,16.9,4.08,22.77,21.14,2.13,0.09,13.73,3.9,11.61,18.8,5.7
Districni ranker,21,AC,40,70,5.55,4.25,21.5,13.98,4.48,18.46,24.28,0.91,,,0.88,6.69,8.1,3.9
Districni ranker,40,Aum,0,14,4.8,4.4,58.57,38.07,36.08,74.15,48.66,21.94,1.21,10.52,4.71,35.04,224,15.5
Districni ranker,40,AumC,14,40,4.6,3.8,18.65,12.12,13.28,25.4,52.28,4.45,,,0.03,20.82,75.1,17.9
Districni ranker,51,Aoh,0,5,4.85,4,19.15,12.45,15.64,28.09,55.68,6.17,0.31,11.54,3.1,18.47,199,7.95
Districni ranker,51,AohC,5,38,4.45,3.6,21.6,14.04,9.24,23.28,39.69,2,,,0.2,7.99,37.7,8.45
Districni ranker,58,Aoh,7,16,5.6,4.5,10.16,6.61,6.04,12.65,47.76,3.56,0.2,10.32,0.68,17.27,75,4.5
Districni ranker,58,AohC,16,35,4.3,3.5,21.75,14.14,4.04,18.18,22.23,1.44,,,0.19,6.87,77.1,3.85
Districni ranker,63,Aoh,0,22,4.8,3.4,42.25,27.46,13.64,41.1,33.19,5.02,0.2,14.55,3.35,21.78,50.6,29.1
Districni ranker,63,AohC,22,60,5.2,3.6,21,13.65,18.44,32.09,57.46,2.13,,,1.38,9.5,9.4,26.9
Districni ranker,101,OL,0,8,,,,,,,,3.89,0.2,11.28,,,54,11.25
Districni ranker,101,Aoh,8,24,4.2,3.9,18.65,12.12,4.04,16.16,25,2.5,0.13,11.15,0.52,5.84,76.8,14.1
Districni ranker,101,AohC,24,37,4.4,4,21.75,14.14,5.64,19.78,28.52,0.89,,,0,6.23,91,13.8
Districni ranker,102,Aum,2,23,3.8,3.05,85.5,55.58,7.24,62.82,11.53,7.64,0.29,15.28,1.58,13.83,68.3,2.55
Districni ranker,102,C1,23,47,4.25,3.6,72.5,47.13,17.24,64.37,26.78,6.73,,,0.46,8.99,18.3,3.5
Districni ranker,104,Aum,0,16,5.2,4.25,25.25,16.41,9.64,26.05,37,8.59,0.29,17.18,0.6,51.23,8.9,11
Districni ranker,104,AumC,16,30,5.4,4.4,17.4,11.31,10.84,22.15,48.94,2.03,,,1.78,7.41,3.5,14
Districni ranker,106,OL,0,7,,,,,,,,6.77,0.28,14.02,,,67,18.7
Districni ranker,106,Aum,7,25,4.3,3.7,39.6,25.74,8.84,34.58,25.56,5.6,0.24,13.53,0,13.42,16.9,8.2
Districni ranker,106,AumC,25,43,4.3,3.7,38.15,24.79,8.7,33.68,25.83,,,,0,8.99,7.9,12.3
Districni ranker,107,Aoh,0,34,4.9,4,28,18.2,8.04,26.24,30.64,4.92,0.16,17.84,19.41,7.02,18.4,7.35
Districni ranker,107,AohC,34,47,4.9,4,27.15,17.65,8.04,25.69,31.3,3.54,,,20.12,6.62,33.4,19
Districni ranker,109,Aum,0,22,4.9,4,26.3,17.1,9.24,26.34,35.09,7.64,0.41,10.8,2.18,8.99,12.3,9.3
Districni ranker,109,AumC,22,42,5.4,4.4,14.7,9.56,7.24,16.8,43.11,1.75,,,1.26,3.91,8.1,10.45
Districni ranker,113,OL,0,4,,,,,,,,6.28,0.29,12.56,,,47,17.25
Districni ranker,113,Aum,4,22,4.4,3.6,43.9,28.54,10.04,38.58,26.03,4.35,0.29,8.7,1.61,16.3,69.3,20.05
Districni ranker,114,OL,0,4,,3.55,62.28,40.48,18.44,58.92,31.3,10.7,0.34,18.25,4.64,19.23,66.9,14
Districni ranker,114,Aum,4,20,4.3,3.55,43.65,28.37,11.24,39.61,28.37,6.13,0.29,12.26,1.53,13.01,43,14.6
Districni ranker,114,AumC,20,35,4.5,3.6,28.6,18.59,11.64,30.23,38.5,2.75,,,0.29,10.58,21.8,16
Districni ranker,115,AL,0,6,,,,,,,,7.78,0.27,16.71,,,71,6.3
Districni ranker,115,Aoh,6,22,4,3.4,40.15,26.1,5.64,31.74,17.77,5.77,0.2,8,2.27,13.01,33.8,6.15
Districni ranker,115,AohC,22,40,4.2,3.65,34.75,22.59,4.84,27.43,17.65,1.18,,,0.59,10.18,22.4,8.35
Districni ranker,116,OL,0,3,,,,,,,,5.94,0.28,12.3,,,57,18.2
Districni ranker,116,Aoh,3,12,3.95,3.5,41.9,27.24,6.84,34.08,20.07,4.48,0.16,16.24,0.11,13.83,25.6,19.3
Districni ranker,116,AohC,12,50,4.1,3.65,33.25,21.61,6.04,27.65,21.84,1.65,,,0,8.99,11.3,18.4
Districni ranker,117,OL,0,3,,,,,,,,10.64,0.35,17.63,,,62,13.9
Districni ranker,117,Aum,3,37,4,3.8,41.4,26.91,5.24,32.15,16.3,6.48,0.29,12.69,13.32,8.59,11.2,13.75
Districni ranker,117,AumC,37,60,3.85,3.3,62.25,40.46,7.24,47.7,15.18,10.53,,,17.53,15.88,64.1,12.55
Districni ranker,118,OL,0,3,,,,,,,,13.12,0.48,15.85,,,186,21.75
Districni ranker,118,Aum,3,20,4.55,3.7,43,27.95,18.04,45.99,39.23,6.24,0.24,15.08,2.74,16.3,54.8,22.2
Districni ranker,118,AumC,20,55,4.6,3.7,41.53,26.99,20.13,49.12,40.99,,,,1.05,14.75,24.3,21.3
Districni ranker,121,Al,0,4,4.1,3.3,59,38.35,14.04,52.39,26.8,5.06,0.18,16.3,0.93,14.24,36,22.9
Districni ranker,121,Aum,4,20,4.4,3.5,66.3,43.1,11.24,54.34,20.69,5.05,,,1.46,12.6,74.9,22.1
Districni ranker,121,AumC,20,40,4.55,3.6,54.25,35.26,10.04,45.3,22.16,2.44,,,0,3.53,22.2,21.8
Districni ranker,123,OL,0,4,,,,,,,,19.67,0.52,21.93,,,,
Districni ranker,123,Aum,4,21,4.1,3.55,72.92,47.4,6.84,54.24,12.61,6.23,0.21,17.2,2.76,14.71,108,18.45
Districni ranker,125,O,0,3,,,,,,,,17.37,0.57,17.67,,,132,14.7
Districni ranker,125,Aum,3,15,4.3,3.5,68,44.2,8.04,52.24,15.39,6.25,0.27,17.26,1.35,7.39,34.4,17.65
Districni ranker,125,AumC,15,45,4.5,3.7,39.75,25.84,8.44,34.28,24.62,4.14,,,0,6.36,17.2,17.55
Districni ranker,126,OL,0,10,,,,,,,,14.92,0.57,15.18,,,188,16.4
Districni ranker,126,Aum,10,25,4.3,3.65,66.88,43.47,4.04,47.51,8.5,7.73,0.48,9.34,47.3,43,255,17.6
Districni ranker,126,AumC,25,40,4.5,3.9,49.79,32.36,5.64,38,14.84,7,,,32.6,35,246,18.95
Districni ranker,127,OL,0,4,,,,,,,,9.07,0.36,14.61,,,184,22.1
Districni ranker,127,Aum,4,20,4.2,3.5,58.25,37.86,8.84,46.7,18.93,6.81,0.27,14.62,10.43,22.83,206,15.9
Districni ranker,127,AumC,20,30,4.3,3.7,48.91,31.79,6.84,38.63,17.7,4.48,,,0.87,19.48,19.7,20.4
Districni ranker,128,OL,0,6,,,,,,,,23.65,0.57,24.06,,,392,14
Districni ranker,128,Aum,6,18,3.7,3.1,71.75,46.64,6.84,53.48,12.79,17.36,0.53,18.99,31.55,24.55,322,11.65
Districni ranker,128,AumC,18,30,3.95,3.35,77.25,50.21,8.04,58.25,13.8,6.09,,,12.74,30,246,19.45
Districni ranker,129,OL,0,12,,,,,,,,28.35,1.05,15.66,,,653,13.9
Districni ranker,129,Aum,12,20,3.6,3.05,77.17,50.16,8.84,59,14.98,8.79,0.34,14.99,25.18,30,532,21.45
Districni ranker,130,OL,0,5,,,,,,,,14.18,0.54,15.23,,,153,15.3
Districni ranker,130,Aum,5,22,3.8,3.3,77.86,50.61,6.04,56.65,10.66,13.65,0.43,18.41,15.22,22.83,155,15.6
Districni ranker,131,OL,0,5,,,,,,,,30.73,1.16,15365,,,240,7.5
Districni ranker,131,Aum,5,25,4.05,3.3,67.81,44.08,7.64,51.72,14.77,19.24,0.49,22.77,3.55,16.66,213,10.3
Districni ranker,132,OL,0,6,,,,,,,,,,,,,245,17.3
Districni ranker,132,Aum,6,23,3.45,3,99.63,64.76,8.04,72.8,11.04,21.58,0.76,16.46,32.28,21.56,64.8,14.5
Districni ranker,133,AL,0,13,,,,,,,,8.34,0.29,16.68,,,80,15.25
Districni ranker,133,AumC,13,23,4.6,3.65,58,37.7,13.64,51.34,26.57,5.84,,,2.44,23.68,68.3,17.65
Districni ranker,135,OL,0,8,,,,,,,,17.07,0.63,15.71,,,149,21.9
Districni ranker,135,Aum,8,20,4.65,3.9,55.54,36.1,18.84,54.94,34.29,16.19,0.51,18.41,5.49,19.07,139,25.4
Districni ranker,136,Aoh,0,24,4.2,3.3,38.28,24.88,6.84,31.72,21.56,3.18,0.14,13.17,1.08,19.07,66.8,9.65
Districni ranker,136,AohC,24,36,4.15,3.45,32,20.8,5.24,26.04,20.12,0.87,,,0.17,9.14,10.1,10.55
Districni ranker,138,OL,0,2,,,,,,,,7.78,0.32,14.1,,,95,5.65
Districni ranker,138,Aum,2,10,3.8,3.2,64.29,41.79,5.64,47.43,11.89,7.3,0.33,12.83,3.57,21.14,68,4.05
Districni ranker,138,AumC,10,22,4.15,3.5,58.1,37.77,5.24,43.01,12.18,2.46,,,0,12.43,120,5.2
Districni ranker,141,OL,0,7,,,,,,,,40.47,1.16,20.23,,,102,10.25
Districni ranker,141,Aum,7,30,4.1,3.35,47.3,30.75,11.24,41.99,26.77,8.1,0.22,21.35,0.76,17.86,55.3,12.35
Districni ranker,142,Aoh,0,20,4.3,3.5,35.4,23.01,10.84,33.85,32.02,2.68,0.14,11.1,0.47,30.36,46.2,17.65
Districni ranker,143,Aoh,0,32,4.8,3.95,18.7,12.16,11.24,23.4,48.04,2.52,0.16,9.13,0.14,28.53,13.3,5.75
Districni ranker,144,Amo,0,20,4.6,3.7,30.94,20.11,11.64,31.75,36.66,3.69,0.15,14.26,2.16,22.83,26.3,17.95
Districni ranker,146,OL,0,5,,,,,,,,13.05,0.48,15.76,,,186,5.25
Districni ranker,146,Aum,5,25,3.8,3.15,63.8,41.47,7.24,48.71,14.86,7.8,0.33,13.7,5.28,18.67,186,5.55
Districni ranker,146,AumC,25,45,4.3,3.5,57,37.05,6.84,43.89,15.58,1.82,,,0,14.32,5.2,5.35
Districni ranker,147,Aum,3,21,4.5,3.5,64.1,41.67,12.04,53.71,22.42,8.1,0.34,13.81,0.91,13.56,41.8,15.55
Districni ranker,147,AumC,21,45,4.8,3.7,26,16.9,14.84,31.74,46.75,2.76,0.14,11.43,0.44,11.69,12.7,13.9
Districni ranker,148,OL,0,10,,,,,,,,5.41,0.28,11.2,,,34,8.6
Districni ranker,148,Aum,10,30,4.4,3.6,36.5,23.73,13.64,37.37,36.5,4.75,0.2,13.77,11.19,20.79,25.4,6.5
Districni ranker,149,Aoh,0,28,5.2,4.2,22.3,14.5,12.04,26.54,45.37,9.36,0.19,28.57,2.69,64.02,7.8,11.4
Districni ranker,149,AohC,28,40,5.3,4.3,17.3,10.38,14.05,28.81,48.77,3.42,,,0,21.15,5.2,10.1
Districni ranker,151,O,0,5,,,,,,,,6.17,0.19,18.83,,,48,7.3
Districni ranker,151,Aum,5,25,4,3.3,50,32.5,7.64,40.14,19.03,5.32,0.19,16.24,21.06,18.26,27.4,5.8
Districni ranker,151,AumC,25,45,4.3,3.5,39.5,25.68,9.24,34.92,26.46,3.6,,,13.55,11.69,11.2,5.6
Districni ranker,155,OL,0,6,,,,,,,,7.96,0.34,13.57,,,47,21.85
Districni ranker,155,Aoh,6,35,4.9,4,21.25,13.81,16.84,30.65,54.94,4.05,0.24,9.78,0,13.94,27.8,20.85
Districni ranker,155,AohC,35,65,5.3,4.3,15.3,9.95,18.84,28.79,65.45,2.7,,,0,9.5,23.2,21.7
Districni ranker,156,OL,0,5,,,,,,,,4.87,0.28,10.08,,,64,8.15
Districni ranker,156,Aum,5,32,3.83,3.2,50.75,32.99,6.84,39.83,17.17,4.61,0.22,12.15,3.3,14.32,61.1,8
Districni ranker,156,AumC,32,50,4.25,3.5,38.5,25.05,8.32,33.78,24.63,3.2,,,0,8.25,50,8.2
Districni ranker,157,Amo,2,30,4.3,3.5,50.4,32.76,8.44,41.2,20.49,3.12,0.18,10.05,2.95,17.86,30.2,30.2
Districni ranker,158,Aoh,0,20,4.75,3.9,12.7,8.26,8.44,16.7,50.55,2.85,0.09,18.36,0,6.36,28.9,28.9
Districni ranker,167,Aum,0,20,4.6,3.5,34.75,22.59,14.04,36.63,38.33,4.04,0.18,13.01,0.46,28.99,20.5,15.1
Districni ranker,167,AumC,20,35,4.7,3.6,29.15,18.95,14.44,33.39,43.25,3.39,,,0.22,25.42,9.4,15.2
Districni ranker,168,Aoh,0,28,4.6,3.6,32.1,20.87,10.84,31.71,34.19,4.89,0.22,12.89,0,10.58,6.7,14.75
Districni ranker,168,Aum,28,49,5,3.8,20.2,13.13,12.04,25.17,47.83,1.5,,,0,7.05,45.7,34.2
Districni ranker,168,C,49,71,5.2,3.8,15,9.75,12.84,22.59,56.84,1.21,,,0,5.35,35.6,26.65
Districni ranker,170,Aoh,0,6,3.95,3.2,52.25,33.96,6.44,40.4,15.94,3.81,0.11,20.08,0,16.27,69.1,12
Districni ranker,170,AohC,6,25,3.9,3.3,51.15,33.25,5.24,38.49,13.61,2.54,,,0,10.58,65,12.8
Districni ranker,171,Aum,15,30,4.1,3.5,50,32.5,7.24,39.74,18.22,5.15,0.2,14.93,0.01,15.88,27.1,17.15
Districni ranker,171,AumC,30,40,4.6,3.8,31.25,20.31,9.64,29.95,32.18,2.1,,,0,9.39,14.3,17.3
Districni ranker,172,Aum,0,33,4.8,3.9,23.1,15.02,13.24,28.26,46.86,3.11,0.14,12.88,1.09,21.88,8.4,16.9
Districni ranker,172,AumC,33,55,5.53,4,12.6,8.19,30.84,39.03,79.02,1.05,,,2.71,30.8,2.8,17.3
Districni ranker,202,Aum,0,15,5.1,4.3,32.67,21.24,17.64,38.88,45.38,9.87,0.48,11.92,6.69,107.69,77.5,23
Districni ranker,203,Aum,0,15,4.6,3.7,34.9,22.68,14.84,37.52,39.55,5.02,0.32,9.09,2.83,17.84,29.2,14.75
Districni ranker,210,OL,0,4,,,,,,,,13.06,0.44,17.21,,,34,23.35
Districni ranker,210,Aum,4,10,4.8,4.2,34.83,22.64,26.44,49.08,53.87,4.76,0.21,13.14,1.97,30.44,8.1,24.6
Districni ranker,210,AumC,10,36,4.4,3.4,34.1,22.17,16.84,39.01,43.17,2.07,,,0,17.44,4,26.1
Districni ranker,211,Aoh,0,33,4.94,3.85,49.1,31.92,27.24,59.16,46.05,6.55,0.22,17.26,0,31.39,8.3,23.15
Districni ranker,211,AohC,33,65,5.13,3.7,19.9,12.94,26.44,39.38,67.15,1.7,,,0,21.96,4.5,23.35
Districni ranker,211,C,65,80,,,,,,,,,,,,,,
Districni ranker,212,Aum,0,14,5,4.25,21.65,14.07,15.24,29.31,51.99,4.99,0.25,11.57,0.12,13.59,55.7,21.9
Districni ranker,212,AumC,14,30,4.65,3.8,25,16.25,14.44,30.69,47.05,2.58,,,0,10.68,14.4,29.3
Districni ranker,216,Aum,0,20,4.65,3.95,27,17.55,16.44,33.99,48.37,7.1,0.34,12.11,1.31,17.44,12.1,13.2
Districni ranker,216,AumC,20,55,5.4,4.4,37.75,24.54,17.24,41.78,41.27,2.2,,,2.19,7.26,3.4,13.5
Districni ranker,216,C,55,70,5.38,4.4,12,7.8,16.84,24.64,68.34,1.41,,,2.67,7.59,4.4,14.75
Districni ranker,217,OL/Aoh,0,19,4.58,3.8,29.5,19.18,12.44,31.62,39.35,3.97,0.19,12.11,0.48,16.26,33,26.4
Districni ranker,217,Aoh,19,35,4.75,4,22.4,14.56,12.44,27,46.07,2.64,,,0,7.93,27.8,26.45
Districni ranker,217,AohC,35,80,5.15,4.3,14.25,9.26,14.44,23.7,60.92,1.84,,,0,5.96,21.5,22.85
Districni ranker,224,OL,0,8,,,,,,,,16.95,0.53,18.54,,,88,14.3
Districni ranker,224,Aum,8,29,4.2,3.6,56,36.4,14.04,50.44,27.84,6.1,0.27,13.1,0.69,34.28,21.9,17.2
Districni ranker,225,Aum,4,22,4.5,3.7,41.3,26.85,8.84,35.69,24.77,4.52,0.17,15.42,0,11.76,6.3,10.15
Districni ranker,225,AumC,22,56,4.82,4,24.65,16.02,11.24,27.26,41.23,1.89,,,0,8.6,76.4,10.1
Districni ranker,230,Aoh,0,10,4.5,3.7,23.6,15.34,7.64,22.98,33.25,3.01,0.13,13.42,0,6.93,21,12.3
Districni ranker,233,Aoh,0,20,4.51,3.5,45.05,29.28,18.04,47.32,38.12,3.24,0.16,11.74,0.32,38.26,19.3,22.35
Districni ranker,233,AohC,20,30,5.38,3.9,16.5,10.73,27.24,37.97,71.75,1.62,,,0,9.98,8.9,23.85
Districni ranker,236,Aum,4,32,4.61,3.9,18.15,11.8,8.04,19.84,40.53,4.96,0.25,11.5,0.59,12.85,33.2,4.7
Districni ranker,248,O,0,10,,,,,,,,7.4,0.37,11.6,,,37,5
Districni ranker,248,Aum,10,24,,,,,,,,,,,,,28.3,5.25
Districni ranker,248,AumC,24,35,,,,,,,,,,,,,13,6.4
Districni ranker,249,OL,0,6,,,,,,,,6.04,0.22,15.92,,,45,7.4
Districni ranker,249,Aum,6,31,4.11,3.7,43.75,28.44,5.64,34.08,16.55,4.14,,,0.9,4.78,23.7,7.9
Districni ranker,251,OL,0,3,,,,,,,,5.52,0.26,12.31,,,21,23.25
Districni ranker,251,Aoh,3,25,4.78,3.72,29.1,18.92,16.44,35.36,46.5,5.06,0.21,13.97,,,20.4,23.2
Districni ranker,252,OL,0,8,,,,,,,,7.6,0.24,18.36,7.04,32.67,47,12.15
Districni ranker,252,Aum,8,30,5.08,4.05,26.9,17.49,20.44,37.93,53.9,6.66,0.3,12.87,4.05,39.45,16.7,23
Districni ranker,254,Aum,3,10,4.12,3.3,76.04,49.43,6.04,55.47,10.89,7.69,0.33,13.51,1.88,21.45,70.6,13
Districni ranker,254,AumC,10,30,4.6,3.6,34.2,22.3,10.24,39.28,26.07,,,,0.21,7.88,50.47,14
Districni ranker,255,Aum,0,20,4.75,4.38,29.75,19.34,24.44,43.78,55.83,11.72,0.33,6.79,16.94,8.73,66.6,20
Districni ranker,255,AumC,20,35,4.35,3.85,39,25.35,17.24,42.59,40.48,12.16,0.25,7.05,21.36,12.12,31.6,18.1
Districni ranker,260,OL,0,5,,,,,,,,7.64,0.21,21.1,,,75,9.75
Districni ranker,260,Aum,5,27,4.22,3.5,37.5,24.38,6.44,30.82,20.9,5.21,0.16,18.88,1.39,10.59,50.4,21
Kalkomelanosol,65,Al,0,3,,,,,,,,11.41,0.43,15.39,,,125,21.55
Kalkomelanosol,65,Amo,3,18,5.05,3.8,37.35,24.28,22.04,46.32,47.58,7.21,0.5,,0.47,14.11,53.9,20.05
Kalkomelanosol,66,Amo,3.5,14,5.8,5,25.06,16.29,46.44,62.73,74.03,7.22,0.3,13.95,3.31,12.17,203,16.85
Kalkomelanosol,67,Amo,0,23,6.5,5.4,10.5,6.83,34.44,41.27,83.46,5.77,0.13,25.74,0.37,14.89,47.2,19.2
Kalkomelanosol,68,Amo,0,15,5.45,4.6,30.51,19.83,30.84,50.67,60.86,7.08,0.28,14.66,1.36,30.99,74.6,18.55
Kalkomelanosol,69,Amo,0,15,6.4,5.5,12.81,8.33,44.44,52.77,84.22,11.37,0.5,13.18,0.64,20.07,123,18.3
Kalkomelanosol,71,Amo,4,20,6.3,5.5,8.7,5.65,45.64,51.29,88.98,4.62,0.16,16.74,0,23.5,28.3,15
Kalkomelanosol,72,Amo,0,10,7.25,6.6,3.68,2.39,75.24,77.63,96.92,9.92,0.62,9.28,4.16,26.11,97,14.95
Kalkomelanosol,74,Amo,5,25,7,6.2,5.16,3.35,49.24,52.59,93.63,5.9,0.15,22.81,0.16,31.44,43.1,15.75
Vertisol,4,Avt,0,30,6.05,4.45,19.64,12.76,41.68,54.44,76.56,6.21,0.26,13.85,0.09,15.73,31.8,28.2
Vertisol,4,AvtC,30,65,6.35,4.3,13.15,8.55,41.28,49.83,82.84,3.06,,,0.03,12.71,4.9,24
Vertisol,8,Avt,0,13,5.65,4.4,4.83,3.14,31.28,34.42,90.88,5.08,0.18,16.36,1.1,30.15,24.8,23.1
Vertisol,8,Avt,13,70,6.65,4.9,7.75,5.04,36.88,41.92,87.98,1.72,,,0.1,15.73,6,24.4
Vertisol,8,AC,70,100,6.9,5,6.65,4.32,41.28,45.57,90.59,1.1,,,0.01,21.32,4.3,23.5
Vertisol,9,Avt,0,27,5.8,4.35,16.5,10.73,27.68,38.41,72.07,4.87,0.19,14.86,4.75,41.88,27,29.8
Vertisol,9,AvtC,27,50,6.15,4.45,13.65,8.87,29.28,38.15,76.74,2.32,,,6.14,33.72,13.9,27.1
Vertisol,10,Av,0,27,5.7,4.35,8.1,5.27,31.68,36.95,85.75,5.31,0.18,17.11,0.62,30.59,22.3,19
Vertisol,11,Avt,0,17,6.4,4.8,11.85,7.7,40.88,48.58,84.15,5.08,0.18,16.36,3.38,21.26,13.9,25.2
Vertisol,12,Avt,0,40,6.2,4.7,12,7.8,32.08,39.88,80.44,4.29,0.26,9.57,8.69,120.74,29.3,23.2
Vertisol,12,Avt,40,64,6.95,5,7.5,4.88,38.48,43.36,88.76,2.24,,,0.92,13.83,2.8,23.3
Vertisol,12,AvtC,64,110,7.05,5,6.6,4.29,41.28,45.57,90.59,1.17,,,0.69,10.51,2.7,21.7
Vertisol,18,Avt,0,15,6.4,5.15,11.4,7.41,35.68,43.09,82.8,3.67,0.18,11.82,56.07,78.68,13.4,20.1
Vertisol,18,Avt,15,45,6.75,5.3,5.99,3.89,39.88,47.21,84.47,2.78,,,15.32,75.35,7.3,23.2
Vertisol,20,Avt,0,15,5.05,4,11.75,7.64,17.28,24.92,69.35,5.73,0.22,15.1,2.12,18.46,30.3,13.2
Vertisol,20,Avt,15,38,5.7,4.5,7.5,4.88,20.88,25.76,81.07,2.56,,,0.75,18.46,7.4,15.6
Vertisol,20,AvtC,38,54,5.9,4.45,19.9,12.94,23.68,36.62,64.67,1.43,,,0.05,19.65,6.9,16
Vertisol,36,Avt,0,30,5.85,4.8,13.59,8.84,35.28,44.12,79.97,5.4,0.17,18.42,0.11,13.15,22.5,22.8
Vertisol,36,AvtC,30,58,6.35,5,7.34,4.77,35.68,40.45,88.21,1.64,,,0,13.53,10.1,22.9
Vertisol,37,Avt,0,31,5.35,4.3,20.75,13.49,36.48,49.97,73.01,4.05,0.17,13.81,8.32,26.52,45.3,19.6
Vertisol,37,AvtC,31,45,6.45,4.95,9.35,6.08,42.88,48.96,87.59,2.78,,,1.73,11.26,8,21.2
Vertisol,39,Avt,0,27,6.85,5.5,5.06,3.29,42.08,45.37,92.75,4.02,0.15,15.54,0.04,18.72,15.1,14.3
Vertisol,39,bAvt,27,56,6.75,5.7,5.99,3.89,38.08,41.97,90.72,3.01,,,0.41,13.15,5,17.2
Vertisol,39,AvtC,56,102,6.8,5.7,5.05,3.28,30.08,33.36,90.16,2.24,,,0,7.65,4.9,20.6
Vertisol,39,CG,102,115,6.95,5.4,5.19,3.37,40.88,44.25,92.38,0.73,,,1.86,16.68,5.8,18.7
Vertisol,41,Avt,0,30,5.9,5,14.5,9.43,39.68,49.11,80.81,5.59,0.31,10.45,0.14,11.26,42,18.8
Vertisol,41,AvtC,30,100,6.5,5.1,8.85,5.75,39.28,45.03,87.23,3.21,,,0,11.63,6,19.3
Vertisol,55,Avt,0,5,5.55,4.4,17.93,11.66,35.24,46.9,75.14,6.51,0.19,19.87,1.38,42.53,41.2,18.7
Vertisol,55,Avt,5,30,5.95,4.2,12.44,8.09,38.04,46.13,82.47,2.51,,,0.5,24.6,5.9,19.7
Vertisol,55,AvtC,30,45,6.2,4.2,11.25,7.31,40.44,47.75,84.69,1.19,,,0.8,14.89,4.2,19.2
Vertisol,57,Avt,0,36,5.4,4.4,25.27,16.43,32.04,48.47,66.11,7.04,0.27,15.12,1.99,60.85,64.2,18
Vertisol,57,AvtC,36,50,6.8,5.7,5.15,3.35,40.04,43.39,92.28,2.77,,,2.32,14.89,174,23.2
Vertisol,59,Avt,0,21,6.1,4.7,12.7,8.26,35.24,43.5,81.02,5.42,0.25,12.57,0.15,12.17,9.9,18.4
Vertisol,59,Avt,21,31,5.9,4.75,16,10.4,36.84,47.24,77.98,3.72,,,0.28,13.33,48,18
Vertisol,59,AvtC,31,59,6.3,4.7,10,6.5,36.04,42.54,84.72,1.97,,,0,12.44,7.2,18.7
Vertisol,59,C,59,70,6.35,4.6,9.25,6.01,38.04,44.05,86.35,1.37,,,0.06,13.33,6.9,18
Vertisol,60,Avt,0,21,6.3,5.3,8.55,5.56,32.84,38.4,85.53,6.3,0.21,17.4,2.85,12.56,54.6,26
Vertisol,60,AC,21,39,6.7,5.5,6.35,4.13,29.24,33.37,87.63,2.85,,,6.95,12.94,13.8,13.8
Vertisol,61,Avt,10,60,6.2,4.9,12.4,8.06,36.44,44.5,81.89,4.42,0.18,14.24,0.95,11.02,29.5,16.6
Vertisol,61,AvtC,60,100,6.4,4.8,9.6,6.24,35.24,41.48,84.96,2.93,,,0.49,11.02,3.9,13.4
Vertisol,160,Avt,0,25,5.8,4.65,13.9,9.04,32.04,41.08,78,6.75,0.26,15.05,15.86,189.85,5.5,13.1
Vertisol,160,AvtC,25,35,5.9,4.5,9,5.4,34.82,43.15,80.69,2.93,,,11.18,110.15,5.7,13.8
Vertisol,161,Avt,0,55,5.7,4.4,10.73,6.97,23.64,30.61,77.22,3.49,0.11,18.4,0,23.25,11.2,21.7
Vertisol,161,AvtC,55,80,5.9,4.4,8.85,5.76,29.64,35.4,83.74,1.37,,,0,24.98,11.9,20.4
Vertisol,162,Avt,0,30,6.1,5,9.6,6.24,32.44,38.68,83.87,4.04,0.23,10.18,1.09,60.28,7.1,17.6
Vertisol,163,Avt,0,32,5.6,4.25,14.85,9.65,32.84,42.49,77.28,2.98,0.14,12.34,0.08,17.46,5.2,16.6
Vertisol,163,AvtC,32,42,5.8,4.35,13.5,8.78,33.5,40.15,83.44,,,,0.1,23.14,7.2,16.3
Vertisol,164,Avt,0,20,5.95,4.8,8.65,5.62,23.64,29.26,80.79,4.8,0.18,15.46,0.06,32.21,280,25.3
Vertisol,164,AvtC,20,30,6,4.75,9,5.85,22.44,28.29,79.32,2.28,,,0,20.31,126,19.9
Vertisol,166,Avt,0,29,5.65,4.5,14.09,9.16,30.84,40,77.1,5.77,0.17,19.68,0.09,34.58,290,19.1
Vertisol,166,AvtC,29,38,5.7,4.7,9.55,6.21,38.17,44.75,85.3,2.21,,,0,15.68,134,19.4
Vertisol,237,Avt,0,30,6.02,4.9,11.9,7.74,35.24,42.98,82,4.95,0.18,15.95,22.54,93.24,6.9,25
Vertisol,237,AvtC,30,49,6.43,5.1,8,5.2,38.04,43.24,87.97,2.32,,,10.06,36.75,2.7,19.2
Vertisol,240,Avt,0,30,5.55,4.35,13.5,8.78,30.84,39.62,77.85,3.94,0.16,14.28,0.9,18.51,4.4,17.3
Vertisol,241,Avt,0,30,5.48,4.4,15.5,10.08,26.04,36.12,72.1,4.92,0.17,16.78,0.49,29.88,9.5,21.8
Vertisol,241,AvtC,30,70,5.95,4.5,9.31,6.05,39.24,45.29,86.64,1.22,,,0,19.76,2.6,18.2
Vertisol,257,Avt,0,35,5.8,4.8,13.5,8.78,39.24,48.02,81.72,6.5,0.27,13.96,5.71,56.76,12.3,22
Vertisol,257,Avt,35,68,6.3,4.7,8.59,5.59,42.44,48.03,88.37,2.1,,,0.49,21.02,2.7,21.2
Eutricni kambisol,2,Amo,0,28,5.9,4.5,14.85,9.65,27.68,37.33,74.14,3.6,0.15,13.92,0.18,11.61,26.3,23.75
Eutricni kambisol,2,Bv,28,43,6.45,4.65,11,7.15,57.68,64.83,88.97,1.96,,,0.07,14.97,5.6,23.4
Eutricni kambisol,3,Amo,0,15,5.95,4.55,14.6,9.49,33.68,43.17,78.02,2.98,0.14,12.34,2.34,24.15,19,23.45
Eutricni kambisol,3,Bv,15,29,6,4.5,14.15,9.2,34.88,44.08,79.13,3.03,,,2.47,22.9,14.8,24
Eutricni kambisol,13,Amo,0,30,5.95,4.65,15.55,10.11,34.48,44.59,77.33,6.92,0.25,16.05,0.25,20.86,36.8,22.45
Eutricni kambisol,13,Br,30,67,6.4,4.95,11.5,7.48,36.88,44.36,83.15,3.63,,,0.06,10.15,22.8,28.23
Eutricni kambisol,22,Amo,0,32,7.05,5.9,11.35,7.38,29.68,37.06,80.09,4.3,0.11,22.67,0.8,7.33,66.2,17.25
Eutricni kambisol,22,Bv,32,55,6.95,5.35,9.4,6.11,28.08,34.19,82.13,0.93,,,0.1,12.71,46,21.15
Eutricni kambisol,22,BvC,55,88,7.3,6.05,11.75,7.64,17.28,24.92,69.35,1.38,,,0.05,5.61,33.1,20.15
Eutricni kambisol,23,Amo,0,27,6.05,4.9,5.7,3.71,25.68,29.39,87.39,5.13,0.17,17.5,4.25,39.74,24,19.9
Eutricni kambisol,23,Bv,27,77,6,4.6,4.1,2.67,27.28,29.95,91.1,1.2,,,0.08,8.35,3.7,18.15
Eutricni kambisol,23,Bvg,77,100,6.5,4.8,5.2,3.38,31.28,34.66,90.25,0.68,,,0.04,12.01,3.8,18.2
Eutricni kambisol,27,Amo,0,13,4.95,4,9.7,6.31,15.28,21.59,70.79,5.53,0.2,16.04,0.06,11.26,57.9,20.45
Eutricni kambisol,27,Amo,13,18,5,3.9,11.15,7.25,14.88,22.13,67.25,3.11,,,0.03,12.76,58.1,29
Eutricni kambisol,27,Btv,18,32,5,3.85,7.75,5.04,15.68,20.72,75.68,2.34,,,0.02,11.26,54.3,28.25
Eutricni kambisol,27,Bv,32,59,5.4,4.1,20.65,13.42,14.08,27.5,51.2,0.76,,,0.01,9.07,21.4,20.05
Eutricni kambisol,34,Amo,0,16,5.8,4.9,9.75,6.34,23.68,30.02,78.89,3.53,0.12,17.06,1.99,18.72,54.4,18.8
Eutricni kambisol,34,Amo,16,37,6,4.85,6.96,4.52,28.08,32.6,86.13,1.87,,,0.62,18.31,11.9,16.75
Eutricni kambisol,34,Bv,37,70,6.5,5,6.82,4.43,40.48,44.91,90.13,1.02,,,0.01,15.09,10.4,21.25
Eutricni kambisol,35,Amo,0,17,5.3,4.3,12.9,8.39,21.28,29.67,71.73,2.36,0.12,11.4,0,17.9,56,17.25
Eutricni kambisol,35,Amo,17,30,5.45,4.35,12.5,8.13,22.11,28.32,78.07,1.56,,,0,18.01,22.13,19.2
Eutricni kambisol,35,Bv,30,46,5.6,4.6,10.95,7.11,22.12,26.53,83.37,1.02,,,0,10.59,10.8,21.3
Eutricni kambisol,38,Amo,0,20,5.5,4.45,18,11.7,32.08,43.78,73.28,4.71,0.21,13,0.05,8,48.9,20.9
Eutricni kambisol,38,Bv,20,45,6.05,4.5,12.5,8.13,38.08,46.21,82.42,2.44,,,0,9.79,5.5,24
Eutricni kambisol,42,Amo,0,10,4.8,3.8,22,14.3,22.08,36.38,60.69,6.69,0.22,17.63,12.16,25.62,56,19.45
Eutricni kambisol,42,Amo,10,37,5.2,3.95,24,15.6,22.08,37.68,58.6,3.52,,,6.2,12.76,25.4,22
Eutricni kambisol,42,Bv,37,110,4.9,3.6,21.5,13.98,22.88,36.86,62.08,2.01,,,3.99,6.61,3.9,17.85
Eutricni kambisol,42,C,110,140,5.5,3.8,12.25,7.96,34.08,42.04,81.06,0.71,,,1.52,9.79,4.5,21.5
Eutricni kambisol,44,Amo,0,26,6.1,5,9.5,6.18,34.44,40.62,84.8,5.18,0.19,15.81,0.65,26.07,46.5,16.3
Eutricni kambisol,44,Bv,26,45,6.1,4.6,8.44,5.48,45.24,50.72,89.19,0.92,,,0,31.16,13.5,18.3
Eutricni kambisol,45,Amo,0,19,4.9,3.9,29.2,18.98,21.64,40.62,53.27,5.03,0.2,14.59,1.69,20.08,65.7,21.7
Eutricni kambisol,45,Bv1,19,48,5.4,3.85,17,11.05,24.44,35.49,68.86,1.03,,,0.87,8.74,7.2,21.95
Eutricni kambisol,45,Bv2,48,76,5.8,4,12,7.8,29.64,37.44,79.17,0.32,,,0.05,8.37,2.4,23.35
Eutricni kambisol,50,Amo,0,23,5.2,4.05,26.8,17.42,28.44,45.86,62.01,3.85,0.13,17.17,0.3,15.29,65.9,18.65
Eutricni kambisol,50,Bv,23,55,6.1,4.7,11.85,7.7,32.84,40.54,81,2.3,,,0,11.78,42.4,17.75
Eutricni kambisol,56,Amo,2,14,5.5,4.45,19.9,12.94,23.64,36.58,64.63,7.5,0.25,17.4,0.37,14.11,77.7,22.85
Eutricni kambisol,56,Amo,14,28,5.4,3.9,21.75,14.14,22.44,36.58,61.35,2.99,,,0,8.74,77.8,25.65
Eutricni kambisol,56,Bv2,28,50,6.15,4.75,9.45,6.14,30.04,36.18,83.02,1.87,,,0,8.74,22.6,25.75
Eutricni kambisol,219,Amo,8,22,4.7,4,31.41,20.41,14.04,34.45,40.75,5.63,0.31,10.54,0.14,24.55,23.7,20.5
Eutricni kambisol,219,B,22,53,5.3,4.3,17.5,11.38,18.04,29.42,61.33,2.88,,,0.01,12.85,13.3,22.2
Eutricni kambisol,226,OL,0,3,,,,,,,,8.52,0.24,20.59,,,23,12
Eutricni kambisol,226,Amo,3,27,5.12,4.05,13.1,8.52,22.04,30.56,72.13,4.51,0.16,16.34,2.84,13.59,4,18.8
Eutricni kambisol,226,Bv,27,55,4.7,3.9,26.75,17.39,14.84,32.23,46.05,1.77,,,0,22.39,25.2,13.7
Eutricni kambisol,226,BvC,55,100,4.6,3.8,21.75,14.14,12.84,26.98,47.6,1.41,,,0,18.65,12,16.45
Eutricni kambisol,227,OL,0,3,,,,,,,,8.42,0.24,20.34,,,40,22.1
Eutricni kambisol,227,Amo,3,18,4.7,3.9,23.65,15.37,14.84,30.21,49.12,3,0.14,12.42,0,33.31,39,24.5
Eutricni kambisol,227,AmoBv,18,39,5.05,4,15.25,9.91,18.44,28.35,65.04,1.68,,,0,8.6,26.9,22.1
Eutricni kambisol,227,Bv,39,74,5.2,4,15.68,10.19,17.24,27.43,62.84,1.66,,,0,6.93,31.8,23
Eutricni kambisol,229,Amo,0,25,4.87,3.9,19.5,12.68,18.04,30.72,58.73,2.8,0.14,11.6,0.17,12.48,9.6,15.2
Eutricni kambisol,229,Bv,25,43,5.1,3.9,14.35,9.33,22.04,31.37,70.26,1.59,,,0,7.26,3.6,14.7
Eutricni kambisol,234,Amo,0,25,4.95,3.9,19.5,12.68,20.04,32.72,61.26,2.73,0.13,12.18,0,17.84,6.3,17.1
Eutricni kambisol,234,AmoC,25,54,5.45,4.1,11.05,7.18,21.24,28.42,74.73,1.29,,,0,8.94,3.1,16.7
Eutricni kambisol,234,C,54,75,5.7,4.1,10.94,7.11,35.24,42.35,83.21,0.63,,,0.01,17.05,2.9,26.9
Eutricni kambisol,244,Amo,0,21,4.7,3.8,25.35,16.48,18.84,35.32,53.34,4.22,0.18,13.59,2.16,47.34,17.2,23.45
Eutricni kambisol,244,Bv,21,51,5.52,4.4,10.6,6.89,24.04,30.93,77.72,1.44,,,0.9,21.45,4.3,23.3
Eutricni kambisol,245,Amo,0,30,5.58,4.4,11.2,7.28,23.24,30.52,76.15,3.37,0.12,16.28,1.65,31.27,4.5,12.05
Eutricni kambisol,245,Bv1,30,65,5.6,4.4,10.5,6.83,22.04,28.77,76.61,2.51,,,,,3.1,14.15
Eutricni kambisol,245,Bv2,65,100,5.96,4.55,8.25,5.36,26.04,31.4,82.92,1.25,,,2.03,19.76,2.3,15.75
Eutricni kambisol,246,Amo,0,26,5.42,4.4,13.6,8.84,22.84,31.68,72.1,2.4,0.1,13.92,0.09,31.27,5.6,29.05
Eutricni kambisol,246,Amo,26,40,5.55,4.4,12.2,7.93,22.04,29.97,73.54,2.01,,,0,24.48,5,29.3
Eutricni kambisol,246,Bv,40,62,5.6,4.4,10.5,6.83,22.04,28.87,76.36,1.19,,,0,12.12,4.8,35.7
Eutricni kambisol,246,BvC,62,130,5.6,4.42,9.8,6.37,22.04,28.41,77.58,0.61,,,1.3,15.66,9.6,32.3
Districni kambisol,17,Aoh,0,28,,,,,,,,,,,,,27,16.1
Districni kambisol,17,Bv,28,73,,,,,,,,,,,,,19.1,20.55
Districni kambisol,17,BvC,73,88,,,,,,,,,,,,,9.7,22.8
Districni kambisol,30,Aum,0,19,,,,,,,,,,,,,48.5,14.65
Districni kambisol,30,B,19,45,,,,,,,,,,,,,11,17.1
Districni kambisol,48,Aoh,0,27,4.8,3.6,31.85,20.7,27.24,47.94,56.82,3.58,0.12,17.3,1.79,24.6,40.2,24.55
Districni kambisol,48,Bv,27,55,4.9,3.65,28.3,18.4,28.44,46.84,60.72,1.91,,,1.2,16.87,21.2,24.4
Districni kambisol,110,Aum,0,20,3.8,3.25,63.07,40.99,5.64,46.63,12.09,7.24,0.21,19.99,2.01,16.71,106,11.85
Districni kambisol,110,Bv,20,50,4.3,3.8,29.4,19.11,5.64,24.75,22.79,3.47,,,0,7.41,18.9,18
Districni kambisol,111,Aum,0,20,4,3.4,38.5,25.03,5.24,30.27,17.31,6.04,0.22,15.92,0.8,13.01,69.6,21.7
Districni kambisol,111,Bv,20,43,4.15,3.6,41.25,26.81,4.84,31.65,15.29,2.08,,,0,8.2,47.1,22.55
Districni kambisol,111,BvC,43,62,4.1,3.55,38.25,24.86,7.24,32.1,22.55,1.09,,,0,8.59,42.7,22.2
Districni kambisol,119,OL,0,7,,,,,,,,10.22,0.33,17.96,,,138,21.1
Districni kambisol,119,Aum,7,27,3.8,3.3,73.6,47.84,6.04,53.88,11.21,5.17,0.12,24.98,10.31,15.88,84,17.75
Districni kambisol,119,Bv,27,49,4.6,3.8,34.5,22.43,10.84,33.27,32.59,3.61,,,1.5,11.39,13.7,19.25
Districni kambisol,119,BvC,49,72,4.75,3.8,28.9,18.79,10.84,29.63,36.59,2.31,,,1.15,13.83,10.4,20.4
Districni kambisol,120,OL,0,3,,,,,,,,14.06,0.37,22.04,,,61,15.55
Districni kambisol,120,Aum,3,30,4.1,3.3,62.24,40.46,9.64,50.1,19.24,6.76,0.18,21.78,1.28,17.13,59.4,14.4
Districni kambisol,120,Bv,30,55,4.9,3.75,20.1,13.07,13.64,26.71,51.08,1.02,,,0,6.62,9,12.75
Districni kambisol,122,OL,0,7,,,,,,,,16.11,0.49,19.06,,,127,15.8
Districni kambisol,122,Aum,7,30,3.8,3.25,94.23,61.25,11.64,72.89,15.97,9.37,0.37,,4.63,21.99,90,15.6
Districni kambisol,122,Bv,30,55,4.5,3.7,38.55,25.06,12.84,37.9,33.88,4.98,,,0,11.67,17.2,21.55
Districni kambisol,124,OL,0,4,,,,,,,,15.95,0.52,17.79,,,328,17.15
Districni kambisol,124,Aum,4,23,4.15,3.5,72.14,46.89,6.84,53.73,12.73,7.1,0.28,14.7,12.78,23.68,311,18
Districni kambisol,165,Aum,0,20,4.65,3.7,29.85,19.4,15.24,34.64,43.99,4.76,0.2,13.8,0.86,37.48,138,21.3
Districni kambisol,165,Bv,20,45,4.8,3.65,21.25,13.81,16.44,30.25,54.34,1.06,,,0,15.1,16.9,20.25
Districni kambisol,165,BC,45,60,4.9,3.7,16.5,10.73,17.24,27.97,61.65,1.29,,,0,15.48,243,18.75
Districni kambisol,169,Aoh,0,30,4.3,3.5,43,27.95,8.84,36.79,24.03,3.51,0.2,10.18,1.85,19.07,46,8
Districni kambisol,169,Bv,30,50,4.55,3.6,30.65,19.92,10.84,30.76,35.24,1.59,,,0,13.94,29.5,7.6
Districni kambisol,201,Aum,0,20,4.5,3.6,53.02,34.46,10.84,45.3,23.93,9.87,0.33,17.34,2.62,13.22,58.3,19.15
Districni kambisol,201,Bv,20,45,4.7,3.8,42.6,27.69,12.04,39.73,30.3,4.11,,,0.34,14.72,61.5,18.35
Districni kambisol,243,OL,0,5,,,,,,,,6.94,0.26,15.48,,,59,26.35
Districni kambisol,243,Aoh,5,42,4.3,3.6,41.25,26.81,11.24,38.05,29.54,4.87,0.19,14.86,0.09,11.73,39.3,29.3
Districni kambisol,243,Bv,42,69,5.14,4.25,18,11.7,13.64,25.34,53.83,2.33,,,0.01,11.35,49.6,20.4
Districni kambisol,243,BvC,69,75,4.7,3.8,22.85,14.85,14.84,29.69,49.98,1.23,,,0,11.73,16.2,27.15
Districni kambisol,261,L,0,9,,,,,,,,5.88,0.28,12.18,,,51,18.65
Districni kambisol,261,Aoh,9,22,4.6,3.9,35.7,23.21,9.64,32.85,29.35,4.75,0.25,11.02,0.8,8.36,38,14.6
Districni kambisol,261,Bv,22,60,4.82,4.1,34.75,22.59,9.64,32.23,29.91,2.18,,,0.32,4.43,26.4,15.15
Kalkokambisol,19,Amo,0,18,7.45,6.5,3.6,2.34,55.68,58.02,95.97,6.38,0.39,9.48,17.48,21.26,48,19.4
Kalkokambisol,19,AmoC,18,40,7.7,6.7,10,6.5,89.28,95.78,93.21,5.67,,,14.34,20.45,30.7,19.75
Kalkokambisol,25,Amo,0,30,5.85,4.75,9.2,5.98,21.68,27.66,78.38,2.71,0.14,11.22,0.11,13.53,34.5,20.75
Kalkokambisol,25,Brz,30,60,6.3,5,7,4.55,28.88,33.43,86.39,1.44,,,0.01,15.09,19.1,21.4
Kalkokambisol,29,Amo,0,30,5.1,4.65,23,14.95,33.28,48.23,69,5.54,0.25,12.85,0.06,17.08,73.8,20.85
Kalkokambisol,29,Brz,30,50,5.25,4.4,10.25,6.66,34.48,41.14,83.81,2.47,,,0.02,17.9,37.5,29
Kalkokambisol,33,Amo,0,23,5.55,4.5,30.5,19.83,23.68,43.51,54.43,4.03,0.15,15.58,0.6,15.09,67,18.7
Kalkokambisol,33,Brz,23,70,5.75,4.7,9.3,6.05,22.48,28.53,78.81,1.47,,,0.01,9.43,44.9,21.05
Kalkokambisol,64,Amo,0,21,5.4,4.2,22.92,14.9,24.04,38.94,61.74,7.41,0.25,17.19,0.55,14.89,137,24
Kalkokambisol,64,Amo(Brz),21,38,5.4,4.2,17.6,11.44,23.64,35.08,67.38,2.91,,,0.25,12.56,77.5,19.8
Kalkokambisol,64,Br21,38,55,6.05,4.8,11.36,7.39,30.84,38.23,80.68,1.98,,,0.17,19.27,68.1,17.25
Kalkokambisol,70,A,0,55,5.4,4.2,16.35,10.63,20.44,31.07,65.79,2.02,0.12,9.76,0,10.99,102,16.55
Kalkokambisol,70,Bvz,55,90,6.15,4.85,9.26,6.02,34.04,40.06,84.97,1.06,,,0,23.07,132,15.45
Kalkokambisol,73,Amo,0,33,6.8,5.85,6.67,4.33,39.64,43.97,90.15,6.35,0.35,10.52,0,19.65,142,19.85
Kalkokambisol,73,Brz,33,60,6.6,5.5,7.05,4.58,36.04,40.62,88.72,1.89,,,0,18.39,106,26
Kalkokambisol,75,Amo,0,33,7.3,6.3,2.75,1.79,32.44,34.23,94.78,2.59,0.1,15.02,2.59,21.35,22.4,15.75
Kalkokambisol,75,BrzC,33,50,7,5.6,4.8,3.12,24.84,27.96,88.84,1.27,,,0.44,18.81,15.4,14.65
Luvisol,16,Amo,0,34,5.2,4.15,23,14.95,23.68,38.63,61.3,6.21,0.25,14.4,1.62,16.89,43.7,19.75
Luvisol,16,E,34,70,5.7,4.3,14.1,9.17,23.28,32.45,71.75,2.36,,,0.02,9.79,8.5,22.05
Luvisol,16,Btg,70,100,6.15,4.6,12.2,7.93,29.28,37.21,78.69,2.51,,,0.55,28.4,17.2,18.5
Luvisol,31,Amo,0,25,4.7,4.2,31.15,20.25,15.68,35.93,43.64,6.8,0.28,14.08,0.02,9.79,58.3,11.7
Luvisol,31,E,25,45,5.15,4.35,11.5,7.48,10.88,18.36,59.28,3.5,,,0.01,6.61,8.5,12.2
Luvisol,31,Btg,45,65,5.2,4.2,9.15,5.95,20.88,26.83,77.83,0.38,,,0.01,9.07,8.9,12.05
Luvisol,52,Aoh,0,25,4.75,3.65,32.5,21.13,5.24,26.37,19.87,5.18,0.18,16.69,0.31,9.88,50.2,13.3
Luvisol,52,E,25,52,5.3,3.9,16.1,10.47,13.24,23.71,55.85,1.51,,,0,6.5,4.9,12
Luvisol,52,Btg,52,73,5.5,3.9,11.7,7.61,15.24,22.85,66.71,0.69,,,0,13.72,6.8,14.8
Luvisol,139,Aoh,0,16.5,4,3.35,58,37.7,6.04,43.74,13.81,2.5,0.1,14.5,0,6.7,30.1,12.05
Luvisol,139,Aoh,16.5,26,3.9,3.35,58.6,38.09,4.84,42.93,11.27,1.8,,,0,6.02,29.4,13.15
Luvisol,139,E,26,44,4.4,3.5,23.1,15.02,6.84,21.86,31.3,0.79,,,0,4.69,8.8,13.1
Luvisol,139,Bt1,44,70,4.6,3.6,16.15,10.5,8.04,18.54,43.37,0.23,,,0,6.02,7,17.75
Luvisol,139,Bt2,70,103,4.6,3.6,17,11.05,8.44,19.49,43.3,0.11,,,0,7.39,8.3,17.2
Planisol,1,Amo,0,25,5.92,4.75,12,7.8,27.28,35.08,77.77,4.91,0.17,16.75,5.75,25.41,4.7,22.35
Planisol,1,Eg,25,45,6.5,4.65,8.85,5.75,37.68,43.43,86.76,1.43,,,0.12,18.46,18.7,19.15
Planisol,1,Btg,45,68,6.9,4.8,6.3,4.1,42.08,46.18,91.13,1.05,,,0.1,14.97,3,19.2
Planisol,1,BtgC,68,100,7.25,4.9,4.8,3.12,41.28,44.4,92.97,0.41,,,0.05,11.24,1.8,15.55
Planisol,5,Amo,0,20,5.95,4.8,15.65,10.17,36.88,47.05,78.38,6.55,0.27,14.07,0.2,10.8,38.3,22.75
Planisol,5,Eg,20,40,6.3,4.7,10.9,6.5,31.08,40.58,81.96,3.21,,,0.15,16.44,18.1,19.35
Planisol,5,Btg,40,63,6.5,4.8,7.42,4.83,35.88,40.71,87.76,1.05,,,0.01,12.31,5.2,19.9
Planisol,7,Amo,0,29,5.85,4.6,12.95,8.42,23.68,32.1,73.78,3.41,0.16,12.36,0.89,32.36,21.7,17.95
Planisol,7,Eg,29,45,6.1,4.7,11.15,7.25,24.48,31.73,77.16,2.82,,,0.87,22.9,16.2,19.45
Planisol,7,Btg1,45,73,6.6,4.9,8.55,5.56,29.68,35.24,84.23,1.6,,,0.06,28.4,4.8,19.55
Planisol,7,Btg2,73,100,6.7,4.8,7.1,4.62,31.68,36.3,87.28,1.46,,,0.02,18.6,4.9,19.4
Planisol,15,Amo,0,36,6.4,5.3,11.35,7.38,40.88,48.26,84.71,6.27,0.29,12.54,0.39,11.61,52.8,18.45
Planisol,15,Eg,36,70,6.45,5.05,11.3,7.35,33.28,40.63,81.92,3.42,,,0.1,9.08,11.3,21.9
Planisol,15,Ebtg,70,100,6.4,5.1,8.75,5.69,30.88,36.57,84.45,2.34,,,0.08,13.08,9,27
Planisol,15,Btg,100,135,6.5,5.2,7.95,5.17,36.88,42.05,87.7,2.56,,,0.02,14.59,10.1,29.2
Planisol,112,Amo,0,23,4.7,3.75,32.5,21.13,19.64,40.77,48.18,6.04,0.25,14.01,0.19,30.99,17.6,18.85
Planisol,112,E,23,34,5.2,4,21.35,13.88,24.44,38.32,63.78,2.61,,,0,15.47,7,21.8
Planisol,112,Btg,34,55,5.3,4,17.5,11.38,26.44,37.82,69.92,1.21,,,0,12.6,18.4,23
Planisol,112,BtgC,55,79,5.5,4,12.3,8,32.44,40.44,80.23,0.47,,,0,10.99,7.6,21.1
